<?xml version="1.0" encoding="UTF-8"?>
<project-private xmlns="http://www.netbeans.org/ns/project-private/1">
    <editor-bookmarks xmlns="http://www.netbeans.org/ns/editor-bookmarks/2" lastBookmarkId="0"/>
    <open-files xmlns="http://www.netbeans.org/ns/projectui-open-files/2">
        <group>
            <file>file:/home/geek/NetBeansProjects/microJS/css/ide.css</file>
            <file>file:/home/geek/NetBeansProjects/microJS/exp.html</file>
            <file>file:/home/geek/NetBeansProjects/microJS/js/f/micro.js</file>
            <file>file:/home/geek/NetBeansProjects/microJS/js/v/ide_init.js</file>
            <file>file:/home/geek/NetBeansProjects/microJS/index.php</file>
        </group>
    </open-files>
</project-private>
